{"cameraMode":{"drawMode":0,"name":"Shaded","section":"Shading Mode"},"sceneLighting":true,"audioPlay":false,"sceneViewState":{"m_AlwaysRefresh":false,"showFog":true,"showSkybox":true,"showFlares":true,"showImageEffects":true,"showParticleSystems":true,"showVisualEffectGraphs":true,"m_FxEnabled":true},"in2DMode":false,"pivot":{"x":-4.243664264678955,"y":2.7673041820526125,"z":224.42584228515626},"rotation":{"x":-0.46982622146606448,"y":-0.29730379581451418,"z":0.17163942754268647,"w":-0.8133118152618408},"size":1.3940826654434205,"orthographic":false}