{"cameraMode":{"drawMode":0,"name":"Shaded","section":"Shading Mode"},"sceneLighting":true,"audioPlay":false,"sceneViewState":{"m_AlwaysRefresh":false,"showFog":true,"showSkybox":true,"showFlares":true,"showImageEffects":true,"showParticleSystems":true,"showVisualEffectGraphs":true,"m_FxEnabled":true},"in2DMode":false,"pivot":{"x":-3.098417043685913,"y":3.702420949935913,"z":227.38380432128907},"rotation":{"x":-0.00768854608759284,"y":-0.8678028583526611,"z":0.013237669132649899,"w":-0.49674034118652346},"size":1.3940826654434205,"orthographic":false}